problem_id,language_type,content,status,id,created_at
5fc227ac-7eb5-4361-8371-3102e30c5179,py,UCwgQVAsIFRCID0gbWFwKGZsb2F0LCBpbnB1dCgpLnNwbGl0KCkpDQoNCkExID0oUCowLjcpKyhBUCowLjIpKyhUQiowLjEpDQpwcmludChmIntBMTouM2Z9Iik=,ACCEPTED,cbcbf234-8052-4c48-ae4f-b1e75953d83d,2025-11-01T20:38:02.004000Z
5fc227ac-7eb5-4361-8371-3102e30c5179,py,bm90YXMgPSBpbnB1dCgpDQoNCm5vdGFzID0gbm90YXMuc3BsaXQoKQ0KDQpwID0gZmxvYXQobm90YXNbMF0pDQoNCmFwID0gZmxvYXQobm90YXNbMV0pDQoNCnRiID0gZmxvYXQobm90YXNbMl0pDQoNCm5vdGFfZmluYWwgPSAocCAqIDAuNykgKyAoYXAgKiAwLjIpICsgKHRiICogMC4xKQ0KDQpwcmludChmJ3tub3RhX2ZpbmFsOi4zZn0nKQ0KDQo=,ACCEPTED,fc74bc7f-f741-4dce-9eb3-1f484c898613,2025-11-01T20:38:02.027000Z
5fc227ac-7eb5-4361-8371-3102e30c5179,py,cCA9IGZsb2F0KGlucHV0KQ0KYXAgPSBmbG9hdChpbnB1dCkNCnRiID0gZmxvYXQoaW5wdXQpDQpNZWRpYSA9IChwKjcgKyBhcCoyICsgdGIqMSkgLyAxMA0KcHJpbnQoc3RyKHJvdW5kKE1lZGlhLCAzKSkrIlxuIikNCg==,RUNTIME ERROR,e4d6584b-f197-4e50-a783-3a23d2a6ed82,2025-11-01T20:38:02.050000Z
5fc227ac-7eb5-4361-8371-3102e30c5179,py,cCwgYXAsIHRiID0gbWFwKGZsb2F0LCBpbnB1dCgpLnNwbGl0KCkpDQpNZWRpYSA9IChwKjcgKyBhcCoyICsgdGIqMSkgLyAxMA0KcHJpbnQoc3RyKHJvdW5kKE1lZGlhLCAzKSkrIlxuIikNCg==,ACCEPTED,2a80ac90-a29f-48a7-aedd-571ae94b6f38,2025-11-01T20:38:02.073000Z
5fc227ac-7eb5-4361-8371-3102e30c5179,py,cCwgYXAsIHRiID0gbWFwKGZsb2F0LCBpbnB1dCgpLnNwbGl0KCkpDQpNZWRpYSA9IChwKjcgKyBhcCoyICsgdGIqMSkgLyAxMA0KcHJpbnQocm91bmQoTWVkaWEsIDMpKQ0KcHJpbnQoIlxuIikNCg==,ACCEPTED,9206653b-ae40-4c46-8c5c-e1e4853df65c,2025-11-01T20:38:02.097000Z
5fc227ac-7eb5-4361-8371-3102e30c5179,py,aSA9IDANCnAgPSAxDQoNCndoaWxlIGkgPD0gMDoNCiAgICB0cnk6DQogICAgICAgIHYgPSBmbG9hdChpbnB1dCgpKQ0KICAgICAgICBpID0gMQ0KICAgICAgICBpZiAwPD1wPD0xMDoNCiAgICAgICAgICAgIGkgPSAxDQogICAgZXhjZXB0Og0KICAgICAgICBjb250aW51ZQ0KDQppID0gMA0Kd2hpbGUgaSA8PSAwOg0KICAgIHRyeToNCiAgICAgICAgdiA9IGZsb2F0KGlucHV0KCkpDQogICAgICAgIGFwID0gdg0KICAgICAgICBpZiAwPD1hcDw9MTA6DQogICAgICAgICAgICBpID0gMQ0KICAgIGV4Y2VwdDoNCiAgICAgICAgY29udGludWUNCg0KaSA9IDANCndoaWxlIGkgPD0gMDoNCiAgICB0cnk6DQogICAgICAgIHYgPSBmbG9hdChpbnB1dCgpKQ0KICAgICAgICB0YiA9IHYNCiAgICAgICAgaWYgMDw9dGI8PTEwOg0KICAgICAgICAgICAgaSA9IDENCiAgICBleGNlcHQ6DQogICAgICAgIGNvbnRpbnVlDQoNCmExID0gcCowLjcgKyBhcCowLjIgKyB0YiowLjENCg0KaWYoMDw9YTE8PTEwKToNCiAgICBwcmludChmJ3thMTouM2Z9Jyk=,PENDING,59a8c717-9eeb-4f53-83a6-7e1a0984008a,2025-11-01T20:38:02.126000Z
5fc227ac-7eb5-4361-8371-3102e30c5179,py,cDEgPSAwLjcNCnAyID0gMC4yDQpwMyA9IDAuMQ0KDQpwLCBhcCwgdGIgPSBpbnB1dCgpLnNwbGl0KCkNCg0KcCA9IGZsb2F0KHApDQphcCA9IGZsb2F0KGFwKQ0KdGIgPSBmbG9hdCh0YikNCg0KDQppZiAocCA8PSAxMCBhbmQgYXAgPD0gMTAgYW5kIHRiIDw9IDEwKSBhbmQgKHAgPj0gMCBhbmQgYXAgPj0gMCBhbmQgdGIgPj0gMCk6DQogICAgcW5mID0gcm91bmQoKHAgKiBwMSkgKyAoYXAgKiBwMikgKyAodGIgKiBwMyksIDMpDQogICAgcHJpbnQocW5mKQ==,ACCEPTED,5312fc1b-7483-40f5-a824-cf57a2dc3b4d,2025-11-01T20:38:02.152000Z
5fc227ac-7eb5-4361-8371-3102e30c5179,py,UCwgQVAsIFRCID0gbWFwKGZsb2F0LCBpbnB1dCgpLnNwbGl0KCIgIikpDQoNCm1lZGlhID0gKChQICogNykgKyAoQVAgKiAyKSArIFRCKSAvIDEwDQoNCnByaW50KGYie21lZGlhOi4zZn0iKQ==,ACCEPTED,99c76b12-2500-48fa-99ea-08f5b281a88d,2025-11-01T20:38:02.179000Z
5fc227ac-7eb5-4361-8371-3102e30c5179,py,YSxiLGMgPSBtYXAoZmxvYXQsaW5wdXQoKS5zcGxpdCgpKQ0KDQoNCnByaW50KGYieygoYSo3KSsoYioyKSsoYykpLzEwOi4zZn1cbiIp,ACCEPTED,13263937-f03b-4dde-8e23-475d1ce296cd,2025-11-01T20:38:02.203000Z
5fc227ac-7eb5-4361-8371-3102e30c5179,py,bm90YXMgPSBpbnB1dCgpLnNwbGl0KCkNCg0KcHJpbnQoZiJ7KChmbG9hdChub3Rhc1swXSkgKiA3ICsgZmxvYXQobm90YXNbMV0pICogMiArIGZsb2F0KG5vdGFzWzJdKSkgLyAxMCk6LjNmfSIp,ACCEPTED,cb6727f2-efdb-479f-a515-2bd7f897873c,2025-11-01T20:38:02.230000Z
5fc227ac-7eb5-4361-8371-3102e30c5179,py,cHJvdmEsIGF0aXZpZGFkZSwgdHJhYmFsaG8gPSBtYXAoZmxvYXQsIGlucHV0KCkuc3BsaXQoKSkNCg0KbWVkaWEgPSAocHJvdmEgKiA3ICsgYXRpdmlkYWRlICogMiArIHRyYWJhbGhvICogMSkvMTANCg0KcHJpbnQoZid7bWVkaWE6LjNmfScpDQo=,ACCEPTED,428f07d3-5609-4f9b-b9a2-84e25d7419b8,2025-11-01T20:38:02.256000Z
5fc227ac-7eb5-4361-8371-3102e30c5179,py,UCA9IGZsb2F0KGlucHV0KCkpDQpBUCA9IGZsb2F0KGlucHV0KCkpDQpUQiA9IGZsb2F0KGlucHV0KCkpDQoNCm1lZGlhID0gKChQKjcpKyhBUCoyKStUQikvMTANCg0KcHJpbnQobWVkaWEp,RUNTIME ERROR,86c9b1b2-53c5-4c3b-8205-593394163f9b,2025-11-01T20:38:02.281000Z
5fc227ac-7eb5-4361-8371-3102e30c5179,py,cCwgYXAsIHRiID0gbWFwKGZsb2F0LCBpbnB1dCgpKQ0KDQpwID0gcCo3DQphcCA9IGFwKjINCm1lZGlhID0gKHArYXArdGIpLzEwDQpwcmludChmInttZWRpYTouM2Z9Iik=,RUNTIME ERROR,9990cde2-ff3e-4292-ad3d-d44c841fcbf2,2025-11-01T20:38:02.306000Z
5fc227ac-7eb5-4361-8371-3102e30c5179,py,cCwgYXAsIHRiID0gbWFwKGZsb2F0LCBpbnB1dCgpLnNwbGl0KCApKQ0KDQptID0gKHAgKiA3ICsgYXAgKiAyICsgdGIgKiAxKSAvIDEwDQoNCnByaW50KGYie206LjNmfSIp,ACCEPTED,d9612071-61b1-4c19-84c7-1eb1be45be56,2025-11-01T20:38:02.331000Z
5fc227ac-7eb5-4361-8371-3102e30c5179,py,cCwgYXAsIHRiID0gbWFwKGZsb2F0LCBpbnB1dCgpLnNwbGl0KCkpDQoNCnAgPSAocC8xMCkqNw0KYXAgPSAoYXAvMTApKjINCnRiID0gKHRiLzEwKSoxDQpzb21hID0gcCthcCt0Yg0KDQpwcmludChmIntzb21hOi4zZn0iKQ==,ACCEPTED,62a3f311-9bfd-4153-ae47-6129b8cbc046,2025-11-01T20:38:02.358000Z
5fc227ac-7eb5-4361-8371-3102e30c5179,py,DQpQLCBBUCwgVEIgPSBtYXAoZmxvYXQsIGlucHV0KCkuc3BsaXQoKSkNCg0KQTEgPSAoUCAqIDcgKyBBUCAqIDIgKyBUQiAqIDEpIC8gMTANCg0KcHJpbnQoZiJ7QTE6LjNmfSIp,ACCEPTED,40478cb6-5ff7-4b63-8188-b60474a65aca,2025-11-01T20:38:02.385000Z
5fc227ac-7eb5-4361-8371-3102e30c5179,py,cCwgYXAsIHRiID0gbWFwKGZsb2F0LCBpbnB1dCgpLnNwbGl0KCkpDQoNCnAgPSBwKjcNCmFwID0gYXAqMg0KbWVkaWEgPSAocCthcCt0YikvMTANCnByaW50KGYie21lZGlhOi4zZn0iKQ==,ACCEPTED,780bac87-7d7f-4615-9131-af174a2ea161,2025-11-01T20:38:02.411000Z
5fc227ac-7eb5-4361-8371-3102e30c5179,py,I3Byb3ZhID0gMC43OyBhdGl2aWRhZGVfZ3J1cG8gPSAwLjI7IHRyYWJhbGhvX2JpID0gMC4xDQoNClAgPSBmbG9hdChpbnB1dCgpKQ0KQVAgPSBmbG9hdChpbnB1dCgpKQ0KVEIgPSBmbG9hdChpbnB1dCgpKQ0KDQpNRURJQSA9ICgoUCAqIDAuNykgKyAoQVAgKiAwLjIpICsgKFRCICogMC4xKSkNCg0KcHJpbnQoZiJ7TUVESUE6LjNmfSIpDQpwcmludCgiXG4iKQ==,RUNTIME ERROR,ce9a4e69-1ef3-4ba5-929c-84d8109eedb5,2025-11-01T20:38:02.436000Z
5fc227ac-7eb5-4361-8371-3102e30c5179,py,YSxiLGMgPSBtYXAoZmxvYXQsaW5wdXQoKS5zcGxpdCgpKQ0KDQoNCnByaW50KGYieygoYSo3KSsoYioyKSsoYykpLzEwOi4zZn0iKQ==,ACCEPTED,be5725c5-eeb8-4dae-8e48-d001d7050abb,2025-11-01T20:38:02.460000Z
5fc227ac-7eb5-4361-8371-3102e30c5179,py,UCxBUCxUQiA9IG1hcChmbG9hdCwgaW5wdXQoKS5zcGxpdCgpKQ0KDQpNZWRpYSA9IChQKjcgKyBBUCoyICsgVEIpIC8gMTANCg0KcHJpbnQoTWVkaWEpDQpwcmludCgiXG4iKQ==,WRONG ANSWER,9873349a-9f12-4fb5-92cf-b7895c486f5d,2025-11-01T20:38:02.483000Z
5fc227ac-7eb5-4361-8371-3102e30c5179,py,cCwgYSwgdCA9IG1hcChmbG9hdCwgaW5wdXQoKS5zcGxpdCgpKQ0KDQpzb21hID0gKHAgKiAwLjcgKyBhICogMC4yICsgdCAqIDAuMSkNCg0KcHJpbnQocCAgKiAwLjcpDQpwcmludChmIntzb21hOi4zZn0iKQ0K,WRONG ANSWER,eb47942e-edf3-4c2d-9646-daf8a9e9574f,2025-11-01T20:38:02.565000Z
5fc227ac-7eb5-4361-8371-3102e30c5179,py,DQoNCg0KZGVmIHZhbGlkYWNhbyhwOiBpbnQsIGFwOiBpbnQsIHRiOiBpbnQpOg0KICAgIGlmIDEwIDwgcCBvciBwIDwgMDoNCiAgICAgICAgcmV0dXJuIDAsICdJbnNpcmEgdW0gdmFsb3IgZGUgbm90YSBpbmRpdmlkdWFsIHZhbGlkbycNCiAgICANCiAgICBpZiAxMCA8IGFwIG9yIGFwIDwgMDoNCiAgICAgICAgcmV0dXJuIDAsICdJbnNpcmEgdW0gdmFsb3IgZGUgYXRpdmlkYWRlIHByYXRpY2EgdmFsaWRhJw0KICAgIA0KICAgIGlmIDEwIDwgdGIgb3IgdGIgPCAwOg0KICAgICAgICByZXR1cm4gMCwgJ0luc2lyYSB1bSB2YWxvciBkZSB0cmFiYWxobyB2YWxpZG8nDQogICAgDQogICAgcmV0dXJuIDEsICdEZXUgY2VydG8nDQogICAgDQppID0gMA0KDQp3aGlsZSBpICE9IDE6DQogICAgcCA9IGludChpbnB1dCgpKQ0KDQogICAgYXAgPSBpbnQoaW5wdXQoKSkNCg0KICAgIHRiID0gaW50KGlucHV0KCkpDQoNCiAgICBpLCBtZW5zYWdlbSA9IHZhbGlkYWNhbyhwLCBhcCwgdGIpDQoNCiAgICBpZiBpID09IDA6DQogICAgICAgIHByaW50KG1lbnNhZ2VtKQ0KDQoNCm5vdGEgPSAocCAqIDAuNykgKyAoYXAgKiAwLjIpICsgKHRiICogMC4xKQ0KDQpwcmludChub3RhKQ==,RUNTIME ERROR,fd78598a-9583-41aa-8e7f-f1534fea8928,2025-11-01T20:38:02.587000Z
5fc227ac-7eb5-4361-8371-3102e30c5179,py,UCA9IGludChpbnB1dCgiRGlnaXRlIGEgbm90YSBkYSBwcm92YTogIikpDQpBUCA9IGludChpbnB1dCgiRGlnaXRlIGEgbm90YSBkYSBhdGl2aWRhZGUgcHLDoXRpY2E6ICIpKQ0KVEIgPSBpbnQoaW5wdXQoIkRpZ2l0ZSBhIG5vdGEgZG8gdHJhYmFsaG8gYmltZXN0cmFsOiAiKSkNCg0KaWYgUD49MCBhbmQgVEIgPD0xMDoNCiAgICByZXN1bHRhZG8gPSAoUCowLjcpKyhBUCowLjIpKyhUQiowLjEpDQogICAgcHJpbnQoZiJ7cmVzdWx0YWRvOi4zZn1cbiIp,RUNTIME ERROR,66e0bb43-dab9-41a5-8a98-1946ec7a3b20,2025-11-01T20:38:02.611000Z
5fc227ac-7eb5-4361-8371-3102e30c5179,py,cCwgYSwgdCA9IG1hcChmbG9hdCwgaW5wdXQoKS5zcGxpdCgpKQ0KDQpzb21hID0gKHAgKiAwLjcgKyBhICogMC4yICsgdCAqIDAuMSkNCg0KcHJpbnQocCAgKiAwLjcpDQpwcmludChmIntzb21hOi4zZn0iKQ0K,WRONG ANSWER,866df937-477d-4199-96b5-511b2ca3fe5e,2025-11-01T20:38:02.634000Z
5fc227ac-7eb5-4361-8371-3102e30c5179,py,bjEsIG4yLCBuMyA9IG1hcChmbG9hdCwgaW5wdXQoKS5zcGxpdCgpKQ0KDQpuMSAqPSAwLjcNCm4yICo9IDAuMg0KbjMgKj0gMC4xDQpub3RhID0gbjEgKyBuMiArIG4zDQpwcmludChmJ3tub3RhOiAuNH0nKQ==,PRESENTATION ERROR,2c8e5b4e-63e6-4127-9b97-1ef02d2ad813,2025-11-01T20:38:02.659000Z
5fc227ac-7eb5-4361-8371-3102e30c5179,py,UCA9IGludChpbnB1dCgpKQ0KQVAgPSBpbnQoaW5wdXQoKSkNClRCID0gaW50KGlucHV0KCkpDQoNCmlmIFA+PTAgYW5kIFRCIDw9MTA6DQogICAgcmVzdWx0YWRvID0gKFAqMC43KSsoQVAqMC4yKSsoVEIqMC4xKQ0KICAgIHByaW50KGYie3Jlc3VsdGFkbzouM2Z9XG4iKQ==,RUNTIME ERROR,4484b3de-4000-4450-bd46-fae54a00856c,2025-11-01T20:38:02.684000Z
5fc227ac-7eb5-4361-8371-3102e30c5179,py,UCA9IGZsb2F0KGlucHV0KCkpDQpBUCA9IGZsb2F0KGlucHV0KCkpDQpUQiA9IGZsb2F0KGlucHV0KCkpDQoNCm1lZGlhID0gKChQKjcpKyhBUCoyKStUQikvMTANCg0KcHJpbnQobWVkaWEsICJcbiIp,RUNTIME ERROR,593b131b-ac3a-4a27-bcd9-b59d2e643147,2025-11-01T20:38:02.711000Z
5fc227ac-7eb5-4361-8371-3102e30c5179,py,cCwgYSwgdCA9IG1hcChmbG9hdCwgaW5wdXQoKS5zcGxpdCgpKQ0KDQpzb21hID0gKHAgKiAwLjcgKyBhICogMC4yICsgdCAqIDAuMSkNCg0KcHJpbnQocCAgKiAwLjcpDQpwcmludChmIntzb21hOi4zZn1cbiIpDQo=,WRONG ANSWER,de66b123-b0e8-4066-b334-ddb88d23399e,2025-11-01T20:38:02.738000Z
5fc227ac-7eb5-4361-8371-3102e30c5179,py,bjEsIG4yLCBuMyA9IG1hcChmbG9hdCwgaW5wdXQoKS5zcGxpdCgpKQ0KDQpuMSAqPSAwLjcNCm4yICo9IDAuMg0KbjMgKj0gMC4xDQpub3RhID0gbjEgKyBuMiArIG4zDQpwcmludChmJ3tub3RhOiAuNH0nKQ0KcHJpbnQoKQ==,PRESENTATION ERROR,9aa6825c-6069-4290-a908-1fc24bb6ace7,2025-11-01T20:38:02.760000Z
5fc227ac-7eb5-4361-8371-3102e30c5179,py,cCwgYSwgdCA9IG1hcChmbG9hdCwgaW5wdXQoKS5zcGxpdCgpKQ0KDQpzb21hID0gKHAgKiAwLjcgKyBhICogMC4yICsgdCAqIDAuMSkNCg0KcHJpbnQoZiJ7c29tYTouM2Z9XG4iKQ0K,ACCEPTED,2341a24c-232c-4242-b665-2772ccdaf8e6,2025-11-01T20:38:02.787000Z
5fc227ac-7eb5-4361-8371-3102e30c5179,py,UCA9IGludChpbnB1dCgpKQ0KQVAgPSBpbnQoaW5wdXQoKSkNClRCID0gaW50KGlucHV0KCkpDQoNCmlmIFA+PTAgYW5kIFRCIDw9MTA6DQogICAgcHJpbnQoZiJ7KFAqMC43KSsoQVAqMC4yKSsoVEIqMC4xKTouM2Z9XG4iKQ==,RUNTIME ERROR,6ae603d4-94c8-44b2-9a65-9e31f6dc31e6,2025-11-01T20:38:02.809000Z
5fc227ac-7eb5-4361-8371-3102e30c5179,py,bjEsIG4yLCBuMyA9IG1hcChmbG9hdCwgaW5wdXQoKS5zcGxpdCgpKQ0KDQpuMSAqPSAwLjcNCm4yICo9IDAuMg0KbjMgKj0gMC4xDQpub3RhID0gbjEgKyBuMiArIG4zDQpwcmludChmJ3tub3RhOiAuNH0nKQ0KcHJpbnQoIiIp,PRESENTATION ERROR,8d3c96b6-7cf5-4109-9c98-cd47ea785d50,2025-11-01T20:38:02.827000Z
5fc227ac-7eb5-4361-8371-3102e30c5179,py,cCwgYSwgdCA9IG1hcChmbG9hdCwgaW5wdXQoKS5zcGxpdCgpKQ0KDQpzb21hID0gKHAgKiAwLjcgKyBhICogMC4yICsgdCAqIDAuMSkNCg0KcHJpbnQoZiJ7c29tYTouM2Z9XG4iKQ0K,ACCEPTED,4f76d88c-de0d-492f-88d6-205baf2f05cd,2025-11-01T20:38:02.851000Z
5fc227ac-7eb5-4361-8371-3102e30c5179,py,DQoNCg0KZGVmIHZhbGlkYWNhbyhwOiBmbG9hdCwgYXA6IGZsb2F0LCB0YjogZmxvYXQpOg0KICAgIGlmIDEwIDwgcCBvciBwIDwgMDoNCiAgICAgICAgcmV0dXJuIDAsICdJbnNpcmEgdW0gdmFsb3IgZGUgbm90YSBpbmRpdmlkdWFsIHZhbGlkbycNCiAgICANCiAgICBpZiAxMCA8IGFwIG9yIGFwIDwgMDoNCiAgICAgICAgcmV0dXJuIDAsICdJbnNpcmEgdW0gdmFsb3IgZGUgYXRpdmlkYWRlIHByYXRpY2EgdmFsaWRhJw0KICAgIA0KICAgIGlmIDEwIDwgdGIgb3IgdGIgPCAwOg0KICAgICAgICByZXR1cm4gMCwgJ0luc2lyYSB1bSB2YWxvciBkZSB0cmFiYWxobyB2YWxpZG8nDQogICAgDQogICAgcmV0dXJuIDEsICdEZXUgY2VydG8nDQogICAgDQppID0gMA0KDQp3aGlsZSBpICE9IDE6DQogICAgcCA9IGZsb2F0KGlucHV0KCkpDQoNCiAgICBhcCA9IGZsb2F0KGlucHV0KCkpDQoNCiAgICB0YiA9IGZsb2F0KGlucHV0KCkpDQoNCiAgICBpLCBtZW5zYWdlbSA9IHZhbGlkYWNhbyhwLCBhcCwgdGIpDQoNCiAgICBpZiBpID09IDA6DQogICAgICAgIHByaW50KG1lbnNhZ2VtKQ0KDQoNCm5vdGEgPSAocCAqIDAuNykgKyAoYXAgKiAwLjIpICsgKHRiICogMC4xKQ0KDQpwcmludChub3RhKQ==,RUNTIME ERROR,d02b77d3-613f-4c50-a235-6c91892a4c2d,2025-11-01T20:38:02.874000Z
5fc227ac-7eb5-4361-8371-3102e30c5179,py,cCwgYSwgdCA9IG1hcChmbG9hdCwgaW5wdXQoKS5zcGxpdCgpKQ0KDQpzb21hID0gKHAgKiAwLjcgKyBhICogMC4yICsgdCAqIDAuMSkNCg0KcHJpbnQoZiJ7c29tYTouM2Z9XG4iKQ0K,ACCEPTED,5af86b42-c048-4a0d-8742-39d03576fd5d,2025-11-01T20:38:02.902000Z
5fc227ac-7eb5-4361-8371-3102e30c5179,py,cCwgYSwgdCA9IG1hcChmbG9hdCwgaW5wdXQoKS5zcGxpdCgpKQ0KDQpzb21hID0gKHAgKiAwLjcgKyBhICogMC4yICsgdCAqIDAuMSkNCg0KcHJpbnQoZiJ7c29tYTouM2Z9IFxuIikNCg==,ACCEPTED,ac85cc96-d812-447c-8a49-f19f82ebdc63,2025-11-01T20:38:02.923000Z
5fc227ac-7eb5-4361-8371-3102e30c5179,py,cCwgYSwgdCA9IG1hcChmbG9hdCwgaW5wdXQoKS5zcGxpdCgpKQ0KDQpzb21hID0gKHAgKiAwLjcgKyBhICogMC4yICsgdCAqIDAuMSkNCg0KcHJpbnQoZiJ7c29tYTouM2Z9XG4iKQ0K,ACCEPTED,78c7d1bb-cfcb-4518-9b14-087b56047a3c,2025-11-01T20:38:02.979000Z
5fc227ac-7eb5-4361-8371-3102e30c5179,py,UCA9IGZsb2F0KGlucHV0KCkpKjAuNw0KQVAgPSBmbG9hdChpbnB1dCgpKSowLjINClRCID0gZmxvYXQoaW5wdXQoKSkqMC4xDQoNCmlmIFA+PTAgYW5kIFRCIDw9MTA6DQogICAgcHJpbnQoZiJ7UCtBUCtUQjouM2Z9XG4iKQ==,RUNTIME ERROR,819288a8-f3f4-48f7-95e5-ee69890476e8,2025-11-01T20:38:02.999000Z
5fc227ac-7eb5-4361-8371-3102e30c5179,py,bjEgPSBmbG9hdChpbnB1dCgpKQ0KbjIgPSBmbG9hdChpbnB1dCgpKQ0KbjMgPSBmbG9hdChpbnB1dCgpKQ0KDQptZWRpYSA9IDAgDQoNCm1lZGlhID0gbjEgKiAwLjcgKyBuMiAqIDAuMiArIG4zICogMC4xDQpwcmludChmInttZWRpYTouM2Z9IFxuIikNCg0K,RUNTIME ERROR,75277622-038f-4b6d-be62-d11d312f9487,2025-11-01T20:38:03.025000Z
5fc227ac-7eb5-4361-8371-3102e30c5179,py,cCwgYSwgdCA9IG1hcChmbG9hdCwgaW5wdXQoKS5zcGxpdCgpKQ0KDQpzb21hID0gKHAgKiAwLjcgKyBhICogMC4yICsgdCAqIDAuMSkNCg0KcHJpbnQoZiJ7c29tYTouM2Z9XG4iKQ==,ACCEPTED,7b753f93-4300-4467-8f46-d8ac8d17510d,2025-11-01T20:38:03.058000Z
5fc227ac-7eb5-4361-8371-3102e30c5179,py,bjEgPSBmbG9hdChpbnB1dCgpKQ0KbjIgPSBmbG9hdChpbnB1dCgpKQ0KbjMgPSBmbG9hdChpbnB1dCgpKQ0KDQptZWRpYSA9IDAgDQoNCm1lZGlhID0gbjEgKiAwLjcgKyBuMiAqIDAuMiArIG4zICogMC4xDQpwcmludChmInttZWRpYTouM2Z9IFxuIikNCg0KZW50ZXIgPSBpbnB1dCgiUHJlc3MgPEVOVEVSPiIp,RUNTIME ERROR,bb5c1466-dc5f-4994-921b-36afda247692,2025-11-01T20:38:03.089000Z
5fc227ac-7eb5-4361-8371-3102e30c5179,py,UCA9IGZsb2F0KGlucHV0KCkpDQpBUCA9IGZsb2F0KGlucHV0KCkpDQpUQiA9IGZsb2F0KGlucHV0KCkpDQoNCm1lZGlhID0gKChQKjcpKyhBUCoyKStUQikvMTANCg0KcHJpbnQoZid7bWVkaWE6LjNmfScp,RUNTIME ERROR,39e61f90-4c82-4b3f-bd82-a270edf90580,2025-11-01T20:38:03.118000Z
5fc227ac-7eb5-4361-8371-3102e30c5179,py,UCA9IGZsb2F0KGlucHV0KCkpDQpBUCA9IGZsb2F0KGlucHV0KCkpDQpUQiA9IGZsb2F0KGlucHV0KCkpDQoNCm1lZGlhID0gKChQKjcpKyhBUCoyKStUQikvMTANCg0KcHJpbnQoZid7bWVkaWE6LjNmfVxuJyk=,RUNTIME ERROR,b841bcf3-f406-4d30-987b-3a576fe0803e,2025-11-01T20:38:03.141000Z
5fc227ac-7eb5-4361-8371-3102e30c5179,py,UCA9IGZsb2F0KGlucHV0KCJEaWdpdGUgbyB2YWxvciBkZSBQOiAiKSkNCkFQID0gZmxvYXQoaW5wdXQoIkRpZ2l0ZSBvIHZhbG9yIGRlIEFQOiAiKSkNClRCID0gZmxvYXQoaW5wdXQoIkRpZ2l0ZSBvIHZhbG9yIGRlIFRCOiAiKSkNCg0KbWVkaWEgPSAoKFAgKiAwLjcpICsgKEFQICogMC4yKSArIChUQiAqIDAuMSkpIC8gMw0KDQpwcmludChmInttZWRpYTouM2Z9XG4iKQ==,RUNTIME ERROR,be94f178-586b-4646-8c36-cb24a12c10cc,2025-11-01T20:38:03.168000Z
5fc227ac-7eb5-4361-8371-3102e30c5179,py,bjEsIG4yLCBuMyA9IG1hcChmbG9hdCwgaW5wdXQoKS5zcGxpdCgpKQ0KDQpuMSAqPSAwLjcNCm4yICo9IDAuMg0KbjMgKj0gMC4xDQpub3RhID0gbjEgKyBuMiArIG4zDQpwcmludChmJ3tub3RhOi4zZn0nKQ0KDQoNCg0KDQo=,ACCEPTED,e92f86cd-692e-4a8a-ab18-8ae2cdff60a4,2025-11-01T20:38:03.192000Z
5fc227ac-7eb5-4361-8371-3102e30c5179,py,UCA9IGZsb2F0KGlucHV0KCJEaWdpdGUgbyB2YWxvciBkZSBQOiAiKSkNCkFQID0gZmxvYXQoaW5wdXQoIkRpZ2l0ZSBvIHZhbG9yIGRlIEFQOiAiKSkNClRCID0gZmxvYXQoaW5wdXQoIkRpZ2l0ZSBvIHZhbG9yIGRlIFRCOiAiKSkNCg0KbWVkaWEgPSAoKFAgKiAwLjcpICsgKEFQICogMC4yKSArIChUQiAqIDAuMSkpIA0KDQpwcmludChmInttZWRpYTouM2Z9XG4iKQ==,RUNTIME ERROR,5f470923-71c1-4c6b-9199-eddc8fdb9a53,2025-11-01T20:38:03.220000Z
5fc227ac-7eb5-4361-8371-3102e30c5179,py,I3Byb3ZhID0gMC43OyBhdGl2aWRhZGVfZ3J1cG8gPSAwLjI7IHRyYWJhbGhvX2JpID0gMC4xDQoNClAgPSBmbG9hdChpbnB1dCgpKQ0KQVAgPSBmbG9hdChpbnB1dCgpKQ0KVEIgPSBmbG9hdChpbnB1dCgpKQ0KDQpNRURJQSA9ICgoUCAqIDAuNykgKyAoQVAgKiAwLjIpICsgKFRCICogMC4xKSkNCg0KcHJpbnQoZiJ7TUVESUE6LjNmfSIp,RUNTIME ERROR,7593c519-a05e-453b-b841-6f9c98efd958,2025-11-01T20:38:03.247000Z
5fc227ac-7eb5-4361-8371-3102e30c5179,py,UCA9IGZsb2F0KGlucHV0KCkpDQpBUCA9IGZsb2F0KGlucHV0KCkpDQpUQiA9IGZsb2F0KGlucHV0KCkpDQoNCm1lZGlhID0gKChQICogMC43KSArIChBUCAqIDAuMikgKyAoVEIgKiAwLjEpKSANCg0KcHJpbnQoZiJ7bWVkaWE6LjNmfVxuIik=,RUNTIME ERROR,14661716-8d2f-48d1-81e4-46202829f0a4,2025-11-01T20:38:03.274000Z
5fc227ac-7eb5-4361-8371-3102e30c5179,py,cCA9IDkuNQ0KYXAgPSA4LjM0DQp0YiA9IDguNw0KDQpyZXN1bHQgPSBwKjAuNyArIGFwKjAuMiArIHRiKjAuMQ0KDQpwcmludChmJ3tyZXN1bHQ6LjNmfScp,WRONG ANSWER,1e257b8e-a9c6-49dc-a0a6-76b0bb127f29,2025-11-01T20:38:03.297000Z
5fc227ac-7eb5-4361-8371-3102e30c5179,py,cCA9IDkuNQ0KYXAgPSA4LjM0DQp0YiA9IDguNw0KDQpyZXN1bHQgPSBwKjAuNyArIGFwKjAuMiArIHRiKjAuMQ0KDQpwcmludChmJ3tyZXN1bHQ6LjNmfScpDQpwcmludCgnXG4nKQ==,WRONG ANSWER,bb83ac9b-4498-4445-a681-546619d39c54,2025-11-01T20:38:03.320000Z
5fc227ac-7eb5-4361-8371-3102e30c5179,py,I2luY2x1ZGUgPHN0ZGlvLmg+DQoNCmludCBtYWluKCl7DQoJDQpmbG9hdCBOMSwgTjIsIE4zLCBNZWRpYTsNCk4xID0gMDsNCk4yID0gMDsNCk4zID0gMDsNCg0Kc2NhbmYoIiVmXG4iLCAmTjEpOyANCnNjYW5mKCIlZlxuIiwgJk4yKTsNCnNjYW5mKCIlZiIsICZOMyk7DQoNCk1lZGlhID0gKE4xICogMC43KSArIChOMiAqIDAuMikgKyAoTjMgKiAwLjEpOw0KDQpwcmludGYoIiUuM2YiLCBNZWRpYSk7DQoNCnJldHVybiAwOw0KfQ0K,RUNTIME ERROR,c390e0d2-a97f-4a43-beef-842c4b699007,2025-11-01T20:38:03.343000Z
5fc227ac-7eb5-4361-8371-3102e30c5179,py,cCA9IDkuNQ0KYXAgPSA4LjM0DQp0YiA9IDguNw0KDQpyZXN1bHQgPSBwKjAuNyArIGFwKjAuMiArIHRiKjAuMQ0KDQppZigwPD1yZXN1bHQ8PTEwKToNCiAgICBwcmludChmJ3tyZXN1bHQ6LjNmfScp,WRONG ANSWER,f4e8310a-6282-443e-a9b7-b46005da3b9a,2025-11-01T20:38:03.367000Z
5fc227ac-7eb5-4361-8371-3102e30c5179,py,cDEgPSAwLjcNCnAyID0gMC4yDQpwMyA9IDAuMQ0KDQpwID0gZmxvYXQoaW5wdXQoKSkNCmFwID0gZmxvYXQoaW5wdXQoKSkNCnRiID0gZmxvYXQoaW5wdXQoKSkNCg0KcW5mID0gcm91bmQoKHAgKiBwMSkgKyAoYXAgKiBwMikgKyAodGIgKiBwMyksIDMpDQoNCnByaW50KHFuZik=,RUNTIME ERROR,ac1a2810-4aa1-409b-8913-dd5b27207837,2025-11-01T20:38:03.466000Z
5fc227ac-7eb5-4361-8371-3102e30c5179,py,cCA9IDkuNQ0KYXAgPSA4LjM0DQp0YiA9IDguNw0KDQphMSA9IHAqMC43ICsgYXAqMC4yICsgdGIqMC4xDQoNCmlmKDA8PWExPD0xMCk6DQogICAgcHJpbnQoZid7YTE6LjNmfScp,WRONG ANSWER,cd6e262e-fd03-4283-8ed7-5a883a0f3b75,2025-11-01T20:38:03.488000Z
5fc227ac-7eb5-4361-8371-3102e30c5179,py,I2luY2x1ZGUgPHN0ZGlvLmg+DQoNCmludCBtYWluKCl7DQoJDQpmbG9hdCBOMSwgTjIsIE4zLCBNZWRpYTsNCk4xID0gMDsNCk4yID0gMDsNCk4zID0gMDsNCg0Kc2NhbmYoIiVmXG4iLCAmTjEpOw0Kc2NhbmYoIiVmXG4iLCAmTjIpOw0Kc2NhbmYoIiVmIiwgJk4zKTsNCg0KTWVkaWEgPSAoTjEgKiAwLjcpICsgKE4yICogMC4yKSArIChOMyAqIDAuMSk7DQoNCnByaW50ZigiJS4zZlxuIiwgTWVkaWEpOw0KDQpyZXR1cm4gMDsNCn0NCg==,RUNTIME ERROR,85087f90-a363-4079-848f-a09609d037dc,2025-11-01T20:38:03.513000Z
5fc227ac-7eb5-4361-8371-3102e30c5179,py,cCwgYXAsIHRiID0gbWFwKGZsb2F0LCBpbnB1dCgpLnNwbGl0KCkpDQpub3RhX2ExID0gKHAgKiA3ICsgYXAgKiAyICsgdGIgKiAxKSAvICg3ICsgMiArIDEpDQpwcmludChmIntub3RhX2ExOi4zZn0iKQ==,ACCEPTED,4cae0c8c-7158-43b8-a8d5-c116816e6230,2025-11-01T20:38:03.536000Z
5fc227ac-7eb5-4361-8371-3102e30c5179,py,dCA9IGlucHV0KCkNCg0KcCA9ZmxvYXQodCkNCnQgPSBpbnB1dCgpDQphcCA9ZmxvYXQodCkNCnQgPSBpbnB1dCgpDQp0YiA9ZmxvYXQodCkNCg0KYTEgPSBwKjAuNyArIGFwKjAuMiArIHRiKjAuMQ0KDQppZigwPD1hMTw9MTApOg0KICAgIHByaW50KGYne2ExOi4zZn0nKQ==,RUNTIME ERROR,fd421933-7fbd-4139-bb0e-7bed6764c030,2025-11-01T20:38:03.579000Z
5fc227ac-7eb5-4361-8371-3102e30c5179,py,UCA9IGlucHV0KCkNCkFQID0gaW5wdXQoKQ0KVEIgPSBpbnB1dCgpDQoNCm1lZGlhID0gKChmbG9hdChQKSo3KSsoZmxvYXQoQVApKjIpK2Zsb2F0KFRCKSkvMTANCg0KcHJpbnQoZid7bWVkaWE6LjNmfScp,WRONG ANSWER,cd70e1f7-81bf-4c9d-95c0-f9813e280cd3,2025-11-01T20:38:03.613000Z
5fc227ac-7eb5-4361-8371-3102e30c5179,py,UCA9IGlucHV0KCkNCkFQID0gaW5wdXQoKQ0KVEIgPSBpbnB1dCgpDQoNCm1lZGlhID0gKChmbG9hdChQKSo3KSsoZmxvYXQoQVApKjIpK2Zsb2F0KFRCKSkvMTANCg0KcHJpbnQoZid7bWVkaWE6LjNmfVxuJyk=,WRONG ANSWER,0c6459f5-d342-484b-b8f2-cfcd24031748,2025-11-01T20:38:03.636000Z
5fc227ac-7eb5-4361-8371-3102e30c5179,py,UCA9IGZsb2F0KGlucHV0KCkpKjAuNw0KQVAgPSBmbG9hdChpbnB1dCgpKSowLjINClRCID0gZmxvYXQoaW5wdXQoKSkqMC4xDQoNCmlmIFA+PTAgYW5kIFRCIDw9MTA6DQogICAgcHJpbnQoZiJ7UCtBUCtUQjouM2Z9IikNCnByaW50KCk=,RUNTIME ERROR,d0d841f0-7f9a-4155-b9b6-88ce8d7014b5,2025-11-01T20:38:03.658000Z
5fc227ac-7eb5-4361-8371-3102e30c5179,py,dCA9IGlucHV0KCkNCnAgPWZsb2F0KHQpDQp0ID0gaW5wdXQoKQ0KYXAgPWZsb2F0KHQpDQp0ID0gaW5wdXQoKQ0KdGIgPWZsb2F0KHQpDQoNCmExID0gcCowLjcgKyBhcCowLjIgKyB0YiowLjENCg0Kd2hpbGUoMD49YTE+PTEwKToNCiAgICBwcmludChmJ3thMTouM2Z9JykNCiAgICBwcmludCgnXG4nKQ0KZWxzZToNCiAgICB0ID0gaW5wdXQoKQ0KICAgIHAgPWZsb2F0KHQpDQogICAgdCA9IGlucHV0KCkNCiAgICBhcCA9ZmxvYXQodCkNCiAgICB0ID0gaW5wdXQoKQ0KICAgIHRiID1mbG9hdCh0KQ0KICAgIGExID0gcCowLjcgKyBhcCowLjIgKyB0YiowLjE=,RUNTIME ERROR,62d0e2d0-1420-4079-8c8f-c7285999410c,2025-11-01T20:38:03.684000Z
5fc227ac-7eb5-4361-8371-3102e30c5179,py,I2NhbGN1bG8gZGUgbWVkaWEgcG9uZGVyYWRhDQojUD0gNyAgLy8gQVA9IDIgLy8gVEIgPSAxDQojUG9kZSB0ZXIgMyBudW1lcm9zIGRlY2ltYWlzDQojI2EgZW50cmFkYSBkb3MgZGFkb3Mgw6kgY29tcG9zdGEgcG9yIDMgbnVtZXJvcyByZWFpcw0KDQoNCm5vdGFfUCA9IGZsb2F0KGlucHV0KCcnKSkNCm5vdGFfQVAgPSBmbG9hdChpbnB1dCgnJykpDQpub3RhX1RCID0gZmxvYXQoaW5wdXQoJycpKQ0KTcOJRElBID0gKG5vdGFfUCowLjcpICsgKG5vdGFfQVAqMC4yKSArIChub3RhX1RCKjAuMSkNCg0KICAgDQpwcmludChyb3VuZChNw4lESUEsMykp,RUNTIME ERROR,79468625-6550-4848-8777-2572ba496d74,2025-11-01T20:38:03.710000Z
5fc227ac-7eb5-4361-8371-3102e30c5179,py,UCwgQVAsIFRCID0gbWFwKGZsb2F0LCBpbnB1dCgpLnNwbGl0KCkpDQoNCkExID0gKFAgKiA3ICsgQVAgKiAyICsgVEIgKiAxKSAvIDEwDQoNCnByaW50KGYie0ExOi4zZn0iKQ==,ACCEPTED,4526ce01-6fc3-4de1-a850-e7f8e89c1402,2025-11-01T20:38:03.734000Z
5fc227ac-7eb5-4361-8371-3102e30c5179,py,UCA9IGZsb2F0KGlucHV0KCkpDQpBUCA9IGZsb2F0KGlucHV0KCkpDQpUQiA9IGZsb2F0KGlucHV0KCkpDQoNCm1lZGlhID0gKFAqNykrKEFQKjIpK1RCDQptZWRpYSA9IG1lZGlhLzEwDQoNCnByaW50KGYne21lZGlhOi4zZn0nKQ==,RUNTIME ERROR,a27ec8e8-2315-4944-8cd7-7306ce0d5839,2025-11-01T20:38:03.759000Z
5fc227ac-7eb5-4361-8371-3102e30c5179,py,UCA9IGZsb2F0KGlucHV0KCkpDQpBUCA9IGZsb2F0KGlucHV0KCkpDQpUQiA9IGZsb2F0KGlucHV0KCkpDQoNCnByaW50KGYieyhQKjAuNykrKEFQKjAuMikrKFRCKjAuMSk6LjNmfSIp,RUNTIME ERROR,0aa96e08-16fd-4406-bb11-7f30f5a37400,2025-11-01T20:38:03.782000Z
5fc227ac-7eb5-4361-8371-3102e30c5179,py,I2NhbGN1bG8gZGUgbWVkaWEgcG9uZGVyYWRhDQojUD0gNyAgLy8gQVA9IDIgLy8gVEIgPSAxDQojUG9kZSB0ZXIgMyBudW1lcm9zIGRlY2ltYWlzDQojI2EgZW50cmFkYSBkb3MgZGFkb3Mgw6kgY29tcG9zdGEgcG9yIDMgbnVtZXJvcyByZWFpcw0KDQoNCm5vdGFfUCA9IGZsb2F0KGlucHV0KCcnKSkNCnByaW50KGlucHV0KCcnKSkNCm5vdGFfQVAgPSBmbG9hdChpbnB1dCgnJykpDQpwcmludChpbnB1dCgnJykpDQpub3RhX1RCID0gZmxvYXQoaW5wdXQoJycpKQ0KcHJpbnQoaW5wdXQoJycpKQ0KTUVESUEgPSAobm90YV9QKjAuNykgKyAobm90YV9BUCowLjIpICsgKG5vdGFfVEIqMC4xKQ0KDQogICANCnByaW50KHJvdW5kKE1FRElBLDMpKQ==,RUNTIME ERROR,6130c1b1-3275-4118-adc7-d3ae2a57c28f,2025-11-01T20:38:03.808000Z
5fc227ac-7eb5-4361-8371-3102e30c5179,py,UCA9IGZsb2F0KGlucHV0KCkpDQpBUCA9IGZsb2F0KGlucHV0KCkpDQpUQiA9IGZsb2F0KGlucHV0KCkpDQoNCm1lZGlhID0gKChQKjcpKyhBUCoyKSsoVEIqMSkpLzEwDQoNCnByaW50KGYne21lZGlhOi4zZn0nKQ==,RUNTIME ERROR,36dfac15-2024-45fb-a066-816341507274,2025-11-01T20:38:03.834000Z
5fc227ac-7eb5-4361-8371-3102e30c5179,py,UCA9IGZsb2F0KGlucHV0KCkpDQpBUCA9IGZsb2F0KGlucHV0KCkpDQpUQiA9IGZsb2F0KGlucHV0KCkpDQoNCnByaW50KGYieyhQKjAuNykrKEFQKjAuMikrKFRCKjAuMSk6LjNmfVxuIik=,RUNTIME ERROR,16a43b8f-5d45-4eb8-9342-0567f23b5014,2025-11-01T20:38:03.859000Z
5fc227ac-7eb5-4361-8371-3102e30c5179,py,UCA9IGZsb2F0KGlucHV0KCkpDQpBUCA9IGZsb2F0KGlucHV0KCkpDQpUQiA9IGZsb2F0KGlucHV0KCkpDQoNCnByaW50KGYieyhQKjAuNykrKEFQKjAuMikrKFRCKjAuMSk6LjNmfVxuIik=,RUNTIME ERROR,2d7cf077-23fc-43bf-a078-53ea3548be1f,2025-11-01T20:38:03.884000Z
5fc227ac-7eb5-4361-8371-3102e30c5179,py,I2NhbGN1bG8gZGUgbWVkaWEgcG9uZGVyYWRhDQojUD0gNyAgLy8gQVA9IDIgLy8gVEIgPSAxDQojUG9kZSB0ZXIgMyBudW1lcm9zIGRlY2ltYWlzDQojI2EgZW50cmFkYSBkb3MgZGFkb3Mgw6kgY29tcG9zdGEgcG9yIDMgbnVtZXJvcyByZWFpcw0KDQoNCm5vdGFfUCA9IGZsb2F0KGlucHV0KCcnKSkNCm5vdGFfQVAgPSBmbG9hdChpbnB1dCgnJykpDQpub3RhX1RCID0gZmxvYXQoaW5wdXQoJycpKQ0KTUVESUEgPSAobm90YV9QKjAuNykgKyAobm90YV9BUCowLjIpICsgKG5vdGFfVEIqMC4xKQ0KDQogICANCnByaW50KHJvdW5kKE1FRElBLDMpKQ==,RUNTIME ERROR,a0e2ae72-c148-4c6d-9518-8ca7d696cd2b,2025-11-01T20:38:03.913000Z
5fc227ac-7eb5-4361-8371-3102e30c5179,py,UCxBUCxUQiA9IG1hcChmbG9hdCwgaW5wdXQoKS5zcGxpdCgpKQ0KDQpNZWRpYSA9IChQKjcgKyBBUCoyICsgVEIpIC8gMTANCg0KcHJpbnQocm91bmQoTWVkaWEsIDMpKQ0KcHJpbnQoIlxuIikNCg==,ACCEPTED,e125a252-d2bf-4e42-b2e5-bd527a752e82,2025-11-01T20:38:03.940000Z
5fc227ac-7eb5-4361-8371-3102e30c5179,py,UCxBUCxUQiA9IG1hcChmbG9hdCwgaW5wdXQoKS5zcGxpdCgpKQ0KTWVkaWEgPSAoUCo3ICsgQVAqMiArIFRCKSAvIDEwDQpwcmludChyb3VuZChNZWRpYSwgMykpDQpwcmludCgiXG4iKQ0K,ACCEPTED,ebfddcfd-3848-4692-8c2d-e92ada2ff722,2025-11-01T20:38:03.969000Z
5fc227ac-7eb5-4361-8371-3102e30c5179,py,cCA9IGludChpbnB1dCgpKQ0Kc29tYV9iID0gMA0Kc29tYV9jID0gMA0KDQoNCmZvciBpIGluIHJhbmdlKHApOg0KICAgIGMyID0gMA0KICAgIGEsIGIsIGMgPSBtYXAoc3RyLGlucHV0KCkuc3BsaXQoKSkNCiAgICBiMiA9IGludChiKQ0KICAgIGMyID0gaW50KGMpDQogICAgaWYgYzIgPiAwOg0KICAgICAgICBzb21hX2IgKz0gMQ0KICAgICAgICBzb21hX2MgKz0gYzINCiAgICBpZiBzb21hX2IgPiAxOg0KICAgICAgICBzb21hX2MgKz0gMjANCg0KcHJpbnQoZiJ7c29tYV9ifSB7c29tYV9jfVxuIik=,RUNTIME ERROR,f0fa6e2e-fed1-4f2d-bd8e-e4079dd99054,2025-11-01T20:38:03.997000Z
5fc227ac-7eb5-4361-8371-3102e30c5179,py,UCA9IGZsb2F0KGlucHV0KCkpDQpBUCA9IGZsb2F0KGlucHV0KCkpDQpUQiA9IGZsb2F0KGlucHV0KCkpDQoNCkExID0oUCowLjcpKyhBUCowLjIpKyhUQiowLjEpDQpwcmludChmIntBMTouM2Z9Iik=,RUNTIME ERROR,393de04d-e500-4ef3-bb72-760af3764ac6,2025-11-01T20:38:04.024000Z
5fc227ac-7eb5-4361-8371-3102e30c5179,py,UCxBUCxUQiA9IG1hcChmbG9hdCwgaW5wdXQoKS5zcGxpdCgpKQ0KTWVkaWEgPSAoUCo3ICsgQVAqMiArIFRCKSAvIDEwDQpwcmludChzdHIocm91bmQoTWVkaWEsIDMpKSsiXG4iKQ0K,ACCEPTED,53dca12d-0580-4662-adab-66f874fc761d,2025-11-01T20:38:04.047000Z
5fc227ac-7eb5-4361-8371-3102e30c5179,py,cDEgPSAwLjcNCnAyID0gMC4yDQpwMyA9IDAuMQ0KcCA9IGZsb2F0KGlucHV0KCkpDQphcCA9IGZsb2F0KGlucHV0KCkpDQp0YiA9IGZsb2F0KGlucHV0KCkpDQoNCg0KaWYgKHAgPD0gMTAgYW5kIGFwIDw9IDEwIGFuZCB0YiA8PSAxMCkgYW5kIChwID49IDAgYW5kIGFwID49IDAgYW5kIHRiID49IDApOg0KICAgIHFuZiA9IHJvdW5kKChwICogcDEpICsgKGFwICogcDIpICsgKHRiICogcDMpLCAzKQ0KICAgIHByaW50KHFuZikNCmVsc2U6DQogICAgcHJpbnQoLTEpDQogICAg,RUNTIME ERROR,57c2a136-a669-420d-8eda-39bf60360e7a,2025-11-01T20:38:04.069000Z
5fc227ac-7eb5-4361-8371-3102e30c5179,py,cCwgYSwgdCA9IG1hcChmbG9hdCwgaW5wdXQoKS5zcGxpdCgpKQ0KDQpzb21hID0gKHAgKiAwLjcgKyBhICogMC4yICsgdCAqIDAuMSkNCg0KcHJpbnQoZiJ7c29tYTouM2Z9Iik=,ACCEPTED,7b8373d8-df98-435a-a7ac-35fcdb281944,2025-11-01T20:38:04.096000Z
5fc227ac-7eb5-4361-8371-3102e30c5179,py,I2NhbGN1bG8gZGUgbWVkaWEgcG9uZGVyYWRhDQojUD0gNyAgLy8gQVA9IDIgLy8gVEIgPSAxDQojUG9kZSB0ZXIgMyBudW1lcm9zIGRlY2ltYWlzDQojI2EgZW50cmFkYSBkb3MgZGFkb3Mgw6kgY29tcG9zdGEgcG9yIDMgbnVtZXJvcyByZWFpcw0KDQoNCm5vdGFfUCA9IGZsb2F0KGlucHV0KCcnKSkNCm5vdGFfQVAgPSBmbG9hdChpbnB1dCgnJykpDQpub3RhX1RCID0gZmxvYXQoaW5wdXQoJycpKQ0KTUVESUEgPSAobm90YV9QKjAuNykgKyAobm90YV9BUCowLjIpICsgKG5vdGFfVEIqMC4xKQ0KDQogICANCnByaW50KHJvdW5kKE1FRElBLDMpLGVuZD0nL24nKQ0K,RUNTIME ERROR,32cb4c32-e496-41b0-83b1-f4c643a59d54,2025-11-01T20:38:04.120000Z
5fc227ac-7eb5-4361-8371-3102e30c5179,py,UCxBUCxUQiA9IG1hcChmbG9hdCwgaW5wdXQoKS5zcGxpdCgpKQ0KTWVkaWEgPSAoUCo3ICsgQVAqMiArIFRCKjEpIC8gMTANCnByaW50KHJvdW5kKE1lZGlhLCAzKSkNCnByaW50KCJcbiIp,ACCEPTED,9c1af24a-182f-4359-93f7-de2d6e30fe99,2025-11-01T20:38:04.147000Z
5fc227ac-7eb5-4361-8371-3102e30c5179,py,UCA9IGZsb2F0KGlucHV0KQ0KQVAgPSBmbG9hdChpbnB1dCkNClRCID0gZmxvYXQoaW5wdXQpDQpNZWRpYSA9IChQKjcgKyBBUCoyICsgVEIqMSkgLyAxMA0KcHJpbnQocm91bmQoTWVkaWEsIDMpKQ0KcHJpbnQoIlxuIik=,RUNTIME ERROR,68457081-0160-46e9-8ae5-c9dedff7d6d8,2025-11-01T20:38:04.171000Z
5fc227ac-7eb5-4361-8371-3102e30c5179,py,UCA9IGZsb2F0KGlucHV0KQ0KQVAgPSBmbG9hdChpbnB1dCkNClRCID0gZmxvYXQoaW5wdXQpDQpNZWRpYSA9IChQKjcgKyBBUCoyICsgVEIqMSkgLyAxMA0KcHJpbnQoc3RyKHJvdW5kKE1lZGlhLCAzKSkrIlxuIikNCg==,RUNTIME ERROR,46baa610-7e54-493a-9f2f-30166d080260,2025-11-01T20:38:04.195000Z
5fc227ac-7eb5-4361-8371-3102e30c5179,py,cDEgPSAwLjcNCnAyID0gMC4yDQpwMyA9IDAuMQ0KcCA9IGZsb2F0KGlucHV0KCkpDQphcCA9IGZsb2F0KGlucHV0KCkpDQp0YiA9IGZsb2F0KGlucHV0KCkpDQoNCg0KaWYgKHAgPD0gMTAgYW5kIGFwIDw9IDEwIGFuZCB0YiA8PSAxMCkgYW5kIChwID49IDAgYW5kIGFwID49IDAgYW5kIHRiID49IDApOg0KICAgIHFuZiA9IHJvdW5kKChwICogcDEpICsgKGFwICogcDIpICsgKHRiICogcDMpLCAzKQ0KICAgIHByaW50KHFuZik=,RUNTIME ERROR,ed2de01a-8b08-4503-8074-a0135766d936,2025-11-01T20:38:04.221000Z
5fc227ac-7eb5-4361-8371-3102e30c5179,py,diA9IGlucHV0KCkNCnAgPSBmbG9hdCh2KQ0KdiA9IGlucHV0KCkNCmFwID0gZmxvYXQodikNCnYgPSBpbnB1dCgpDQp0YiA9IGZsb2F0KHYpDQoNCg0KYTEgPSBwKjAuNyArIGFwKjAuMiArIHRiKjAuMQ0KDQppZigwPD1hMTw9MTApOg0KICAgIHByaW50KGYne2ExOi4zZn0nKQ==,RUNTIME ERROR,f515da34-87db-47e5-b37b-39b408ab367e,2025-11-01T20:38:04.244000Z
